{
  "version": 1,
  "author": "Arthur Bobadilla Franchi",
  "editor": "wokwi",
  "parts": [
    { "type": "wokwi-breadboard", "id": "bb1", "top": -195, "left": -93.2, "attrs": {} },
    { "type": "wokwi-arduino-uno", "id": "uno", "top": 87, "left": 85.8, "attrs": {} },
    {
      "type": "wokwi-dht22",
      "id": "dht1",
      "top": -258.9,
      "left": 445.8,
      "attrs": { "temperature": "61.2", "humidity": "21" }
    },
    {
      "type": "wokwi-photoresistor-sensor",
      "id": "ldr1",
      "top": -259.5,
      "left": 320.9,
      "rotate": 90,
      "attrs": {}
    },
    {
      "type": "wokwi-resistor",
      "id": "r1",
      "top": -81.6,
      "left": 383.45,
      "rotate": 90,
      "attrs": { "value": "10000" }
    },
    {
      "type": "wokwi-led",
      "id": "led1",
      "top": -166.8,
      "left": 339.8,
      "attrs": { "color": "green" }
    },
    {
      "type": "wokwi-led",
      "id": "led2",
      "top": -166.8,
      "left": 311,
      "attrs": { "color": "orange" }
    },
    {
      "type": "wokwi-led",
      "id": "led3",
      "top": -166.8,
      "left": 282.2,
      "attrs": { "color": "red" }
    },
    {
      "type": "wokwi-resistor",
      "id": "r2",
      "top": -83,
      "left": 277.55,
      "rotate": 270,
      "attrs": { "value": "220" }
    },
    {
      "type": "wokwi-resistor",
      "id": "r3",
      "top": -83,
      "left": 306.35,
      "rotate": 270,
      "attrs": { "value": "220" }
    },
    {
      "type": "wokwi-resistor",
      "id": "r4",
      "top": -83,
      "left": 335.15,
      "rotate": 270,
      "attrs": { "value": "220" }
    },
    {
      "type": "wokwi-buzzer",
      "id": "bz1",
      "top": -208.8,
      "left": 213,
      "attrs": { "volume": "0.1" }
    },
    { "type": "wokwi-lcd1602", "id": "lcd1", "top": -207.77, "left": -99.2, "attrs": {} }
  ],
  "connections": [
    [ "bb1:59t.b", "bb1:bn.48", "green", [ "v0" ] ],
    [ "bb1:56t.b", "bb1:bp.46", "green", [ "v0" ] ],
    [ "bb1:57t.b", "uno:2", "green", [ "v211.2", "h-153.6" ] ],
    [ "bb1:52t.b", "bb1:bp.42", "green", [ "v0" ] ],
    [ "r1:1", "bb1:51t.e", "", [ "$bb" ] ],
    [ "r1:2", "bb1:51b.i", "", [ "$bb" ] ],
    [ "bb1:51t.b", "r1:1", "green", [ "v0" ] ],
    [ "bb1:51b.j", "bb1:bn.41", "green", [ "v38.4" ] ],
    [ "bb1:49t.b", "uno:A0", "green", [ "v0", "h220.8", "v470.4", "h-326.4", "v-28.8" ] ],
    [ "led1:A", "bb1:46t.c", "", [ "$bb" ] ],
    [ "led1:C", "bb1:45t.c", "", [ "$bb" ] ],
    [ "led3:A", "bb1:40t.c", "", [ "$bb" ] ],
    [ "led3:C", "bb1:39t.c", "", [ "$bb" ] ],
    [ "bb1:39t.d", "bb1:bn.31", "green", [ "v0" ] ],
    [ "bb1:42t.e", "bb1:bn.34", "green", [ "v0" ] ],
    [ "bb1:45t.e", "bb1:bn.36", "green", [ "v0" ] ],
    [ "r2:1", "bb1:40b.i", "", [ "$bb" ] ],
    [ "r2:2", "bb1:40t.e", "", [ "$bb" ] ],
    [ "r3:1", "bb1:43b.i", "", [ "$bb" ] ],
    [ "r3:2", "bb1:43t.e", "", [ "$bb" ] ],
    [ "r4:1", "bb1:46b.i", "", [ "$bb" ] ],
    [ "r4:2", "bb1:46t.e", "", [ "$bb" ] ],
    [ "bb1:46b.j", "uno:3", "green", [ "v105.6", "h-48" ] ],
    [ "bb1:43b.j", "uno:4", "green", [ "v96", "h-28.8" ] ],
    [ "bb1:40b.j", "uno:5", "green", [ "v86.4", "h-9.6" ] ],
    [ "bz1:1", "bb1:33t.c", "", [ "$bb" ] ],
    [ "bz1:2", "bb1:34t.c", "", [ "$bb" ] ],
    [ "bb1:34t.d", "uno:6", "green", [ "v182.4", "h38.4" ] ],
    [ "bb1:33t.d", "bb1:bn.26", "green", [ "v0" ] ],
    [ "lcd1:VSS", "bb1:1b.f", "", [ "$bb" ] ],
    [ "lcd1:VDD", "bb1:2b.f", "", [ "$bb" ] ],
    [ "lcd1:V0", "bb1:3b.f", "", [ "$bb" ] ],
    [ "lcd1:RS", "bb1:4b.f", "", [ "$bb" ] ],
    [ "lcd1:RW", "bb1:5b.f", "", [ "$bb" ] ],
    [ "lcd1:E", "bb1:6b.f", "", [ "$bb" ] ],
    [ "lcd1:D0", "bb1:7b.f", "", [ "$bb" ] ],
    [ "lcd1:D1", "bb1:8b.f", "", [ "$bb" ] ],
    [ "lcd1:D2", "bb1:9b.f", "", [ "$bb" ] ],
    [ "lcd1:D3", "bb1:10b.f", "", [ "$bb" ] ],
    [ "lcd1:D4", "bb1:11b.f", "", [ "$bb" ] ],
    [ "lcd1:D5", "bb1:12b.f", "", [ "$bb" ] ],
    [ "lcd1:D6", "bb1:13b.f", "", [ "$bb" ] ],
    [ "lcd1:D7", "bb1:14b.f", "", [ "$bb" ] ],
    [ "lcd1:A", "bb1:15b.f", "", [ "$bb" ] ],
    [ "lcd1:K", "bb1:16b.f", "", [ "$bb" ] ],
    [ "bb1:1b.g", "bb1:bn.1", "green", [ "v0" ] ],
    [ "bb1:2b.g", "bb1:bp.2", "green", [ "v0" ] ],
    [ "bb1:4b.g", "uno:7", "green", [ "v144", "h316.8" ] ],
    [ "bb1:5b.g", "bb1:bn.3", "green", [ "v0" ] ],
    [ "bb1:6b.g", "uno:8", "green", [ "v115.2", "h278.4" ] ],
    [ "bb1:11b.g", "uno:9", "green", [ "v134.4", "h211.2" ] ],
    [ "bb1:12b.g", "uno:10", "green", [ "v105.6", "h201.6" ] ],
    [ "bb1:13b.g", "uno:11", "green", [ "v96", "h182.4" ] ],
    [ "bb1:14b.g", "uno:12", "green", [ "v86.4", "h163.2" ] ],
    [ "bb1:15b.g", "bb1:bp.11", "green", [ "v0" ] ],
    [ "bb1:16b.g", "bb1:bn.12", "green", [ "v0" ] ],
    [ "bb1:bp.50", "uno:5V", "green", [ "v-0.9", "h76", "v316.8", "h-336" ] ],
    [ "bb1:bn.50", "uno:GND.3", "green", [ "v-1.3", "h37.6", "v316.8", "h-288" ] ],
    [ "led2:A", "bb1:43t.c", "", [ "$bb" ] ],
    [ "led2:C", "bb1:42t.c", "", [ "$bb" ] ],
    [ "dht1:VCC", "bb1:56t.a", "", [ "$bb" ] ],
    [ "dht1:SDA", "bb1:57t.a", "", [ "$bb" ] ],
    [ "dht1:NC", "bb1:58t.a", "", [ "$bb" ] ],
    [ "dht1:GND", "bb1:59t.a", "", [ "$bb" ] ],
    [ "ldr1:VCC", "bb1:52t.a", "", [ "$bb" ] ],
    [ "ldr1:GND", "bb1:51t.a", "", [ "$bb" ] ],
    [ "ldr1:DO", "bb1:50t.a", "", [ "$bb" ] ],
    [ "ldr1:AO", "bb1:49t.a", "", [ "$bb" ] ]
  ],
  "dependencies": {}
}